cohort,arch,cls,n_pos,n,d_I_II,d_I_II_lo,d_I_II_hi,d_I_aVF,d_I_aVF_lo,d_I_aVF_hi,d_I+II_LIMB6,d_I+II_LIMB6_lo,d_I+II_LIMB6_hi,d_CH3_CH4,d_CH3_CH4_lo,d_CH3_CH4_hi,pbest_I,pbest_II,pbest_III,pbest_aVR,pbest_aVL,pbest_aVF,pbest_V1,pbest_V2,pbest_V3,pbest_V4,pbest_V5,pbest_V6,optimism_mean
chapman,seresnet,AF,267,1535,0.033207147400302846,0.00572318300154141,0.06401225175960176,0.04095921165106377,0.014062138739308198,0.07092833700900411,-0.0017818563147086683,-0.019658370917276725,0.013631256011306174,0.0122168103377333,-0.0013410927631128111,0.0314584569385922,0.0,0.01,0.003,0.0,0.002,0.057,0.922,0.006,0.0,0.0,0.0,0.0,0.00427378313323774
chapman,seresnet,AFL,67,1535,0.21555803505700585,0.1039882588251168,0.3345254767186789,0.2578010452257219,0.14534582805359497,0.374030483923687,-0.004539317735065526,-0.03363802985294809,0.020870865369774623,0.009726150849571536,-0.021063557669399983,0.03731248072978236,0.0,0.005,0.23,0.0,0.004,0.112,0.649,0.0,0.0,0.0,0.0,0.0,0.04555153448113737
chapman,seresnet,TWC,281,1535,0.11181223960260463,0.04860962471484531,0.1727175234942254,6.665455710302403e-05,-0.06744084991749946,0.07262795450179414,-0.0025903014513077084,-0.014683847503614022,0.009255485991833899,-0.020347097974159914,-0.03597029193976725,-0.004844996871560735,0.0,0.0,0.0,0.0,0.0,0.0,0.0,0.0,0.0,0.0,0.956,0.044,0.002202568211232652
chapman,seresnet,LAD,57,1535,0.4923928122317445,0.35180604407241217,0.6054339428410889,0.3268963341148375,0.20547735449936813,0.45574604210709985,-0.03218771530779137,-0.09348121360847343,0.024279791210466126,0.009308987222417965,-0.03762610878196136,0.05252237394950663,0.0,0.996,0.0,0.003,0.0,0.001,0.0,0.0,0.0,0.0,0.0,0.0,0.01607932354632924
chapman,seresnet,SB,583,1535,0.00014391036280511304,-1.7547452668331685e-05,0.00036863872866185196,0.00012860652075679635,-7.15816823433274e-05,0.000392232976822243,-8.027777441531858e-05,-0.00022246951464933716,3.06205797234948e-05,-8.106831451330776e-05,-0.00026680592316888905,5.7064355163455315e-05,0.0,0.144,0.0,0.002,0.0,0.076,0.074,0.013,0.035,0.007,0.0,0.649,0.00014085879225364694
chapman,seresnet,SVT,87,1535,0.009012854869930158,-0.033812882583282175,0.05117496904116751,0.016583057495244496,-0.01597527915762672,0.048743267661547865,0.0036578117534724337,-0.01250580911530266,0.023934903239804878,0.00704911019210919,-0.002514160674134877,0.020310298449278966,0.001,0.005,0.496,0.107,0.265,0.006,0.107,0.0,0.0,0.013,0.0,0.0,0.01852694897104938
chapman,seresnet,SR,274,1535,0.0021708816203514633,-0.0013625778513370128,0.005844266868806999,0.0013500278486249094,-0.0023895387130973196,0.005475047119068964,0.000566083995208677,-0.0011706159239122521,0.003155946894458108,0.0005178594055129,-0.0005867463317283216,0.0015526883678138868,0.002,0.155,0.012,0.162,0.0,0.036,0.461,0.0,0.007,0.026,0.078,0.061,0.002202386374900716
chapman,seresnet,ST,235,1535,0.00048417658525878437,-0.0055139287315156245,0.006261496454382354,0.002271261607020171,-0.002881031784252555,0.007595834721180205,-0.000986629281200888,-0.0025130974786976125,0.0002341594326812548,0.0009157326389800872,-0.0019574697564014613,0.004123459252422445,0.001,0.026,0.62,0.095,0.032,0.093,0.125,0.0,0.0,0.001,0.003,0.004,0.003646829370729523
chapman,seresnet,STTC,174,1535,0.016806881865940235,-0.058672900940080625,0.09231433144407454,-0.03611065399244826,-0.11671201719467562,0.04557916424599793,0.01429186333822508,-0.006612351153077775,0.03537813205492076,0.010443488237688595,-0.014705459521022054,0.03880365838199377,0.001,0.003,0.0,0.194,0.0,0.0,0.0,0.0,0.0,0.0,0.112,0.69,0.02408561055989141
chapman,seresnet,LVH,196,1535,0.10670041002766158,0.048184101409380384,0.1644306554402626,0.04824190302388478,-0.006558951054936976,0.10186365836257151,0.009884445884679205,-0.01210049498705475,0.03333822186561503,-0.01331656629409246,-0.037931825795616984,0.00979839981105339,0.0,0.0,0.0,0.0,0.0,0.0,0.0,0.0,0.0,0.0,1.0,0.0,0.0018496156681738546
chapman,seresnet,RBBB,68,1535,-0.05776332207894561,-0.14152331776115723,0.026576353089808134,-0.05699763237530824,-0.14368177622901654,0.03475525747529157,-0.00978274897353143,-0.03181331736352593,0.008516008106244847,0.0025497458136672676,-0.00691267300310579,0.011223193875514148,0.002,0.0,0.0,0.0,0.0,0.0,0.478,0.514,0.002,0.0,0.0,0.004,0.01861311920617419
chapman,inceptiontime,AF,267,1535,0.010752453733798779,-0.03177915925874783,0.05147225911149665,0.03295225703773718,-0.010290666869246306,0.07868004869616205,-0.003083819537605056,-0.014531287515638059,0.008192349614093068,0.008845160678274967,-0.003962165067739126,0.021808495469449966,0.0,0.0,0.0,0.0,0.0,0.002,0.998,0.0,0.0,0.0,0.0,0.0,0.0005839634412376904
chapman,inceptiontime,AFL,67,1535,0.2589865086263029,0.1441324756412273,0.3759261378350661,0.25862853254491397,0.12245453868626648,0.38268447359329844,0.006844389016090789,-0.02482738484227526,0.03971250910880281,0.026067367584201542,-0.009553179261925783,0.06338308036848607,0.0,0.008,0.055,0.0,0.083,0.012,0.842,0.0,0.0,0.0,0.0,0.0,0.01651209991140547
chapman,inceptiontime,TWC,281,1535,0.09039991765821417,0.030678405283053295,0.15660064593083725,-0.015276556656912356,-0.08373525624598178,0.0610116099964518,-0.0032169581437042185,-0.018477701472450418,0.01167215950803687,-0.029695806124532473,-0.04768072557654294,-0.011867876412260189,0.0,0.0,0.0,0.0,0.0,0.0,0.0,0.0,0.0,0.0,0.894,0.106,0.004363672477695014
chapman,inceptiontime,LAD,57,1535,0.48658019381353657,0.3472566440527714,0.607501520970609,0.2887112956694883,0.1706243549565009,0.42101424133769205,0.0197225921067902,-0.019589358220305473,0.05942982758232484,0.009275051631439437,-0.035025887740344076,0.0496252897642271,0.0,1.0,0.0,0.0,0.0,0.0,0.0,0.0,0.0,0.0,0.0,0.0,0.007271427985681326
chapman,inceptiontime,SB,583,1535,0.00023830344623470146,-1.994431268451946e-05,0.0005390281341666109,0.00016328411450441827,-0.00020453356738967532,0.000550460543688888,2.8589348797934844e-05,-8.885371718091451e-05,0.00017204857854024588,0.00018802111291433665,-5.544545421202751e-05,0.0005076387084632343,0.004,0.316,0.0,0.114,0.004,0.136,0.181,0.046,0.075,0.0,0.007,0.117,0.000248123207289937
chapman,inceptiontime,SVT,87,1535,0.02020454055439699,-0.026700833144106137,0.0679954652562365,-0.0005221302014094664,-0.06370089082368673,0.051694340038152174,-0.0020617887236148505,-0.045686490816882204,0.029596657260633045,-0.0007106281401393872,-0.01262755901771813,0.009173829485775489,0.004,0.051,0.017,0.014,0.409,0.0,0.501,0.0,0.0,0.0,0.0,0.004,0.01674401650510586
chapman,inceptiontime,SR,274,1535,0.005973201622689389,-0.0025849285015852154,0.01925433692510113,0.004627073794627366,-0.004231937290602108,0.018062282855017566,-0.00036263368798156637,-0.0010123766453255412,0.00019534628688894768,0.0003558160825013317,-0.0005076081874528321,0.00128679390431185,0.001,0.129,0.008,0.353,0.0,0.006,0.3,0.011,0.053,0.009,0.002,0.128,0.002999087543121281
chapman,inceptiontime,ST,235,1535,-0.0017019903641996813,-0.00856851477221085,0.0043040314035867906,0.001965054544731164,-0.003800714917780079,0.007874009620952954,-0.0007127320446192483,-0.0023833850719051975,0.0006380417253318918,-0.0026749464072679903,-0.006708677858680812,7.606050597260167e-05,0.076,0.024,0.044,0.204,0.221,0.415,0.004,0.0,0.0,0.0,0.001,0.011,0.004616730926957215
chapman,inceptiontime,STTC,174,1535,-0.00546582583097725,-0.07301950647590394,0.07171153267841654,-0.052844539106376605,-0.13099974233077263,0.028004631172363383,0.0007441451195113204,-0.025279068714191066,0.025969746315596634,-0.00469481429553923,-0.0322718660062631,0.021820217441307035,0.001,0.0,0.0,0.008,0.0,0.0,0.0,0.0,0.0,0.0,0.014,0.977,0.003899520373083697
chapman,inceptiontime,LVH,196,1535,0.1049626595338907,0.04566500239611466,0.16276946223976432,0.05202483291852508,-0.005372322659273173,0.11242291800304892,0.0038850225639338065,-0.013292232501860205,0.022385908965575154,-0.001742861176209415,-0.025256202687860947,0.025143753643755946,0.0,0.0,0.0,0.0,0.0,0.0,0.0,0.0,0.0,0.0,1.0,0.0,0.003387529471844199
chapman,inceptiontime,RBBB,68,1535,-0.1413574134741249,-0.24078131704846714,-0.05422624291721892,-0.2094363031283358,-0.3123034756389969,-0.10996990425901486,-0.009751529714330995,-0.03733978623367094,0.01021795338648567,0.010476350271917354,-0.00866515793135656,0.038163959723583225,0.036,0.0,0.0,0.0,0.0,0.0,0.92,0.034,0.006,0.0,0.0,0.004,0.006244797577451709
chapman,gbm,AF,267,1535,0.001946994786624199,-0.023333167247204037,0.02830196551249313,0.010470174752904621,-0.01351403010506074,0.03604531812267371,,,,,,,0.054,0.055,0.403,0.023,0.007,0.241,0.065,0.024,0.1,0.024,0.003,0.001,0.025371975406247756
chapman,gbm,AFL,67,1535,0.08925384100490313,-0.03473216024099542,0.21934650097186117,0.07603883280797134,-0.05357239004710927,0.18708817180776963,,,,,,,0.021,0.397,0.153,0.001,0.029,0.26,0.002,0.0,0.0,0.0,0.131,0.006,0.08625264366818022
chapman,gbm,TWC,281,1535,0.11551058745711133,0.05174424322765288,0.18067757107663598,0.0006229508296162259,-0.06196245403572985,0.06927968505227901,,,,,,,0.0,0.0,0.0,0.0,0.0,0.0,0.0,0.0,0.0,0.0,0.934,0.066,9.331145655543327e-05
chapman,gbm,LAD,57,1535,0.49988416350121745,0.3748185876218171,0.6129049356409537,0.3543401442225227,0.25044755385997963,0.4689906965323922,,,,,,,0.0,0.993,0.0,0.0,0.0,0.007,0.0,0.0,0.0,0.0,0.0,0.0,0.010857666345975762
chapman,gbm,SB,583,1535,0.0008581514134032261,1.575710559549859e-05,0.002006410452195542,-0.00015867468077775037,-0.0010099375053647442,0.0008179606000260573,,,,,,,0.004,0.264,0.001,0.0,0.001,0.0,0.001,0.193,0.115,0.274,0.135,0.012,0.000413589668722118
chapman,gbm,SVT,87,1535,0.022730217194964382,-0.0055581095322334685,0.056882268570511284,0.002681282063001594,-0.03329189346725121,0.03480600099870012,,,,,,,0.003,0.203,0.006,0.007,0.633,0.008,0.028,0.003,0.001,0.021,0.006,0.081,0.018631519277790488
chapman,gbm,SR,274,1535,0.0003788373855712455,-0.0029931225696715608,0.0039853560238228445,-0.011546907276425855,-0.022970247154397085,-0.0022962479006354004,,,,,,,0.183,0.194,0.0,0.135,0.0,0.0,0.0,0.029,0.227,0.193,0.026,0.013,0.0033939157617287564
chapman,gbm,ST,235,1535,0.0018742308437660993,-0.0033311008762862138,0.007042223187946614,0.0014903766136024638,-0.004757034545298902,0.007639265695877747,,,,,,,0.15,0.404,0.01,0.077,0.0,0.334,0.0,0.0,0.0,0.002,0.004,0.019,0.004920496045803137
chapman,gbm,STTC,174,1535,0.03521525804337688,-0.034139174098932835,0.10684237933230893,-0.09252273129513179,-0.17187717360265947,-0.009256834890272346,,,,,,,0.0,0.036,0.0,0.007,0.0,0.0,0.0,0.0,0.0,0.001,0.907,0.049,0.014773949226337567
chapman,gbm,LVH,196,1535,0.035021642321187554,-0.011185614889227292,0.08000731153214607,0.004697501458316758,-0.037429559174128144,0.04906560683471781,,,,,,,0.0,0.0,0.0,0.0,0.0,0.0,0.0,0.0,0.0,0.0,1.0,0.0,-0.0039533027920815615
chapman,gbm,RBBB,68,1535,-0.4708454113502423,-0.5919817636896909,-0.3322817249725964,-0.624791566181664,-0.7450187015618696,-0.49288616910768285,,,,,,,0.042,0.0,0.0,0.0,0.0,0.0,0.908,0.046,0.004,0.0,0.0,0.0,0.01309552582028899
ningbo,seresnet,TWC,774,5225,0.043301780104087195,-0.0017495883026024683,0.08600750459604452,-0.0687972276632948,-0.11365910965919428,-0.024900886064527186,0.0104262709232393,0.0021379863713148566,0.018749394606091575,0.013645234813391867,0.005072661709413162,0.02226145886786494,0.0,0.0,0.0,0.0,0.0,0.0,0.0,0.0,0.0,0.0,1.0,0.0,0.0015183023487940711
ningbo,seresnet,LAD,175,5225,0.5193491212066691,0.4396535515751914,0.591063123317065,0.38539761531603495,0.30378575403317915,0.46636860265039126,-0.00643151049853673,-0.02971194115868809,0.016014105419186624,0.011049651566046575,-0.011078033399551315,0.0344134616279521,0.0,1.0,0.0,0.0,0.0,0.0,0.0,0.0,0.0,0.0,0.0,0.0,0.006134055991262064
ningbo,seresnet,SB,1899,5225,-0.0010861313858172967,-0.006968378487842553,0.00371490056136636,-0.0005837153468811213,-0.006042144624018348,0.003966465301838131,-0.0009362975090286378,-0.0029546096649195747,0.0006374511495924655,-0.0008786387475091665,-0.0038086785292117953,0.0010202334675899062,0.018,0.051,0.01,0.065,0.0,0.104,0.001,0.156,0.272,0.003,0.213,0.107,0.002909133937948211
ningbo,seresnet,SVT,19,5225,0.046519413464583104,-0.12899424466805623,0.22784979490880486,0.08121920210443834,-0.0659424006347912,0.23811710265774919,-0.020312604463272543,-0.11870408992562535,0.08207655792781793,-0.08985117071330959,-0.1954013942179658,0.00432142640901,0.005,0.097,0.02,0.025,0.092,0.247,0.194,0.196,0.032,0.022,0.051,0.019,0.213028139220311
ningbo,seresnet,SR,942,5225,0.018309679320639854,0.009666345906672097,0.028698660208709523,0.01901210024847754,0.010400880640559865,0.029768098154280595,-0.002552636656508081,-0.006341838956802537,0.0004560955131259035,0.0004548100611479858,-0.0015589434956269686,0.0025660499273455198,0.0,0.288,0.0,0.149,0.0,0.563,0.0,0.0,0.0,0.0,0.0,0.0,0.002354597668974822
ningbo,seresnet,ST,852,5225,0.00416991436144909,0.0017441809413501735,0.006831993499497676,0.0030915322217182333,0.00047442644383728096,0.0064273772697451045,-0.00036581124507938724,-0.001069185574068221,0.00037566247195947586,-0.00043749437443658056,-0.0013608145510200064,0.0004240576949338798,0.0,0.731,0.0,0.186,0.0,0.083,0.0,0.0,0.0,0.0,0.0,0.0,0.0007613779584347391
ningbo,seresnet,STTC,633,5225,0.026332210697271048,-0.011425039617740993,0.0652873456978588,-0.032827231348677946,-0.07710920424874468,0.00824401808103513,0.0015152904671696778,-0.0059189752777045555,0.009596411610024455,-0.0018424526532979644,-0.009631365281865239,0.005681341668159584,0.0,0.0,0.0,0.0,0.0,0.0,0.0,0.0,0.0,0.0,0.82,0.18,0.004985768228277835
ningbo,seresnet,LVH,710,5225,0.04463793125862515,0.004400304012072501,0.08397996780824704,0.007560351582309299,-0.032175985106734833,0.04797725467083066,0.004754585966902452,-0.002519378103963765,0.01233436597731999,-0.004393788053476851,-0.011880185543315746,0.0037411721185219744,0.0,0.0,0.0,0.0,0.0,0.0,0.0,0.0,0.0,0.0,1.0,0.0,-0.0004089316626521494
ningbo,seresnet,RBBB,193,5225,-0.08918283960057928,-0.12858014131872203,-0.05648682651670009,-0.10288532514418791,-0.1413283636066381,-0.06923733129257897,-0.005690445969936898,-0.014595661846879155,0.0011414805634726098,-0.003812236417550543,-0.00984907686601682,0.001137851706388745,0.013,0.0,0.0,0.0,0.0,0.0,0.922,0.023,0.042,0.0,0.0,0.0,0.0033502842033004444
ningbo,inceptiontime,TWC,774,5225,0.025054207353263025,-0.019748671617793413,0.06800405232371864,-0.09128768184156384,-0.137537201251792,-0.04888368334270261,0.003711544584956227,-0.004656225751604168,0.012776571938844503,0.006371772726220135,-0.0042476339703856865,0.01713028682773635,0.0,0.0,0.0,0.0,0.0,0.0,0.0,0.0,0.0,0.0,1.0,0.0,0.0025510768620556745
ningbo,inceptiontime,LAD,175,5225,0.4792495330261302,0.3983684765683544,0.5523672866276712,0.4125016881409248,0.33596460261854827,0.4848075909965398,0.01388311167138529,-0.012333606009810505,0.04159259060519535,-0.01717490134777586,-0.04716058428989384,0.013539991416811486,0.0,0.98,0.0,0.0,0.0,0.02,0.0,0.0,0.0,0.0,0.0,0.0,0.00578959913662191
ningbo,inceptiontime,SB,1899,5225,0.00010655716655829072,-0.0017242859490474466,0.0016488017660981288,-0.0002402754929464882,-0.0035760243027328636,0.0021487588268144257,-0.000517029069523032,-0.001854087917953781,0.0003878959318857039,-0.0010554343877304086,-0.0029857230960043807,0.00017059532912355166,0.227,0.256,0.0,0.016,0.0,0.276,0.005,0.086,0.022,0.088,0.012,0.012,0.0026318866047619982
ningbo,inceptiontime,SVT,19,5225,-0.08750206928704346,-0.27846839356027014,0.08038032768443976,-0.004477616715871429,-0.22122814411129793,0.2082095312935789,-0.03648356789324811,-0.12380179809234627,0.0553990527283712,-0.09153210418708209,-0.19894174309967172,-0.005600379439337493,0.144,0.002,0.138,0.0,0.167,0.193,0.23,0.002,0.014,0.011,0.024,0.075,0.19015685732224416
ningbo,inceptiontime,SR,942,5225,0.02258101071502257,0.00852632478470006,0.03693114274669211,0.01967207643100697,0.005884240083149614,0.03436608311564838,0.0004457948217301455,-0.004678604408627216,0.005250280629415746,-0.0017696854024420836,-0.005531518505965669,0.002069076414392043,0.0,0.187,0.007,0.455,0.0,0.072,0.078,0.106,0.023,0.0,0.072,0.0,0.009143543182256481
ningbo,inceptiontime,ST,852,5225,0.004768994644030871,0.0019571490098942075,0.007722900011361736,0.002845626162387842,-0.0011049139718265239,0.006653257862630346,-0.0004651814087132735,-0.0020836170102885936,0.0010540895254397109,-0.0007342096986452361,-0.0025006922603360653,0.0008226335480726791,0.0,0.738,0.0,0.21,0.0,0.052,0.0,0.0,0.0,0.0,0.0,0.0,0.0015156411300162164
ningbo,inceptiontime,STTC,633,5225,0.019608726706712994,-0.020141174941834806,0.05925802627779351,-0.04290024465499911,-0.08690818445738298,-0.001095335958619848,0.0030749561064058123,-0.004920737950576395,0.011317740904046024,-0.0022282837670634026,-0.011632821693396892,0.007230672110728023,0.0,0.0,0.0,0.001,0.0,0.0,0.0,0.0,0.0,0.0,0.703,0.296,0.007182374124175113
ningbo,inceptiontime,LVH,710,5225,0.04183839934436138,0.002876120694369794,0.07892296600840443,-0.0006455538520061668,-0.04373112171383581,0.040017963780614,-0.0015374180454251459,-0.010124937509922726,0.006318290113195507,-0.01094067473190979,-0.023197853357415026,8.27167005418152e-05,0.0,0.0,0.0,0.0,0.0,0.0,0.0,0.0,0.0,0.0,1.0,0.0,0.00028905848935156965
ningbo,inceptiontime,RBBB,193,5225,-0.14760104557137446,-0.19883824259732583,-0.10110996263084845,-0.1783209125416115,-0.2345496744777177,-0.13108250430976648,-0.004749292760102985,-0.009845516856100616,-0.00034677803816841456,-0.0009571779076495546,-0.006686667019788156,0.004915992379159653,0.078,0.0,0.0,0.0,0.0,0.0,0.922,0.0,0.0,0.0,0.0,0.0,0.001913437208319085
georgia,seresnet,AF,85,1544,0.010042254902051784,-0.07800336691216668,0.10082986704544661,0.03785246185900973,-0.040709367948242994,0.12401531170758884,0.008976164289139981,-0.0207140165212095,0.04022547575766388,-0.028716236179816817,-0.07156851864322435,0.012146181868737229,0.002,0.001,0.02,0.093,0.0,0.041,0.003,0.031,0.02,0.731,0.009,0.049,0.04834966443225152
georgia,seresnet,AFL,28,1544,0.06484490591612142,-0.0962874318196484,0.2233818767837527,0.010191331966910917,-0.16620607068731402,0.17356936625394975,-0.006655487645190174,-0.071431873479922,0.059674833292894615,0.012271275525195927,-0.07105658314014328,0.1013849203129394,0.002,0.015,0.039,0.014,0.003,0.0,0.818,0.058,0.005,0.039,0.001,0.006,0.06385742785798669
georgia,seresnet,TWC,345,1544,-0.03590948495690573,-0.08514428997296826,0.017297583737979145,-0.1259579637786622,-0.1905210751389455,-0.06086378074700805,-0.012488572898741385,-0.026552760124402247,0.0007836639049442619,-0.007057831251721293,-0.022255620550361132,0.008518351181531401,0.034,0.0,0.0,0.094,0.0,0.0,0.0,0.0,0.0,0.463,0.107,0.302,0.027575315686103226
georgia,seresnet,LAD,141,1544,0.3975153215458241,0.30528809285291114,0.4918561346534058,0.3825976786205872,0.3085613023687698,0.4595594199571718,0.01418912293593339,-0.011195322576623016,0.04231963009609159,-0.007880169737971796,-0.03627020499636845,0.019191802717750443,0.0,0.67,0.0,0.0,0.0,0.33,0.0,0.0,0.0,0.0,0.0,0.0,0.0218114627305968
georgia,seresnet,SB,250,1544,-0.0017719367261776972,-0.011378036434484328,0.00804162472675358,-0.005968859207597807,-0.017452532384396053,0.0030254400853339364,-0.00028417486631028164,-0.005916006657365594,0.005453831478091744,0.0008487717459620193,-0.008828656298216228,0.01366843250623658,0.061,0.064,0.0,0.01,0.001,0.004,0.073,0.565,0.006,0.127,0.0,0.089,0.009882278344608612
georgia,seresnet,SVT,5,1544,0.16592980896599788,0.002770626794224427,0.4869243543292452,0.14361939592833625,-0.01913347004352968,0.4699484309502456,0.11021084168975227,-0.008174575186215427,0.3439203319948357,-0.10665766608524632,-0.3750000024586916,0.00022982388412128138,0.0,0.013131313131313131,0.00202020202020202,0.5949494949494949,0.0,0.0,0.011111111111111112,0.0,0.23535353535353534,0.11616161616161616,0.015151515151515152,0.012121212121212121,0.1537150819875093
georgia,seresnet,SR,260,1544,0.026704678684026456,-0.02760882102069919,0.0788295856336698,-0.02962840058975256,-0.08925457199513008,0.029056182387041073,0.00045926134282811136,-0.021266573175571905,0.022043932950473737,-0.009012395191125564,-0.02896327916013832,0.014261487107866965,0.0,0.01,0.0,0.241,0.0,0.0,0.0,0.0,0.001,0.649,0.061,0.038,0.02743779320094277
georgia,seresnet,ST,189,1544,-0.0039817138014036635,-0.025140065387783704,0.01573182314581983,-0.0009825853483570804,-0.01921761034039263,0.01867955024102665,0.00330750953241598,-0.0020228543981534257,0.00850767795207276,-0.0009052457444171121,-0.0094402087017264,0.008371870609882091,0.054,0.002,0.004,0.049,0.01,0.035,0.047,0.268,0.511,0.01,0.006,0.004,0.011066690958740322
georgia,seresnet,STTC,282,1544,-0.026460959796810592,-0.07700183090706829,0.0253617303433836,-0.057522881924043076,-0.11186912429867224,-0.004786864016984487,0.008875539059575749,-0.007116405349694632,0.02644175028940218,-0.01362921036054961,-0.03144388038692254,0.0038913101834242483,0.01,0.0,0.0,0.088,0.0,0.0,0.0,0.0,0.0,0.035,0.399,0.468,0.03234906824444538
georgia,seresnet,LVH,184,1544,-0.27534808352606277,-0.3486837117692462,-0.2009958527214819,-0.2012706389085765,-0.28979713120787964,-0.11790073368189963,-0.0020773231281686617,-0.017451885473686164,0.013038128168133515,-0.002803566422095888,-0.02055744927184849,0.016863337605555886,0.103,0.0,0.0,0.0,0.888,0.0,0.003,0.0,0.0,0.0,0.006,0.0,0.013065066074090335
georgia,seresnet,RBBB,83,1544,-0.18765214249841394,-0.3027398750146914,-0.07546771413068816,-0.11015176007519113,-0.23298135757962754,0.0010137187464162162,-0.00036629761985134123,-0.020320062899171747,0.021118489386966668,-0.03760401618203985,-0.0834397441008632,0.0038346912041433297,0.258,0.0,0.007,0.006,0.176,0.002,0.128,0.128,0.039,0.078,0.177,0.001,0.09405038997863152
georgia,inceptiontime,AF,85,1544,0.19056858075292354,0.08439946203361907,0.29364990330928836,0.18019093368607406,0.06927208813073285,0.2827928676279134,-0.028990801874725917,-0.07925199205046751,0.017335016506426687,0.03191796932844135,-0.006805141508813959,0.07270094739522898,0.0,0.508,0.008,0.091,0.0,0.333,0.06,0.0,0.0,0.0,0.0,0.0,0.0663823065766177
georgia,inceptiontime,AFL,28,1544,0.28336919936505567,0.11748645619139422,0.4546583813885613,0.22087201620406585,0.0673736078423624,0.38265150187219665,0.024960636081540612,-0.019191453519591558,0.07196126298253276,-0.026114433789394723,-0.102837013025216,0.04428844450964991,0.0,0.193,0.151,0.016,0.015,0.001,0.614,0.0,0.001,0.0,0.001,0.008,0.11380778477945672
georgia,inceptiontime,TWC,345,1544,-0.028656474243674405,-0.07866992550137832,0.025890209898238876,-0.12867529481001214,-0.19053391718398177,-0.063972054026843,0.004181259230322808,-0.008124462428007484,0.01639373458185778,0.0024262436276570234,-0.009163455701612182,0.01463146451640826,0.109,0.003,0.0,0.19,0.0,0.0,0.0,0.0,0.07,0.324,0.215,0.089,0.037147694331738125
georgia,inceptiontime,LAD,141,1544,0.4049982543274335,0.3102209850496184,0.4926534300119699,0.3521435391686901,0.27658117902840224,0.4402934950219715,-0.015993477750641617,-0.039560324536321564,0.008801571818307142,-0.013563637374190961,-0.03865015756938267,0.011801294752631659,0.0,0.897,0.0,0.0,0.0,0.103,0.0,0.0,0.0,0.0,0.0,0.0,0.007818577348499695
georgia,inceptiontime,SB,250,1544,0.001180143660513086,-0.008966907673814764,0.012601475078405876,-0.009692552957957875,-0.030428117285389845,0.00749343850476712,0.010500352223790945,0.00046593955750264264,0.022784344678455033,-0.0011068050757196133,-0.009378958286471801,0.008204805364745382,0.124,0.11,0.001,0.027,0.126,0.001,0.142,0.035,0.052,0.219,0.01,0.153,0.0191491903300886
georgia,inceptiontime,SVT,5,1544,0.0015220940775192726,-0.19921091536643878,0.12368732383210822,-0.11548997708822803,-0.49137579755033906,0.11594788908323458,-0.008558479061465226,-0.05160188990480759,0.005369286561678981,0.004917242126707645,-0.0016285910648834389,0.02628252410439396,0.01818181818181818,0.1808080808080808,0.10505050505050505,0.31616161616161614,0.0,0.026262626262626262,0.06060606060606061,0.0,0.0,0.24343434343434345,0.024242424242424242,0.025252525252525252,0.17284529650534353
georgia,inceptiontime,SR,260,1544,0.05173373984925409,-0.010550719433983807,0.1083604761493537,-0.007781781061033996,-0.07159527571445978,0.05965902178651293,-0.017558746727076815,-0.039938592184016804,0.0038657912857103516,0.011864492347714223,-0.006129459382977703,0.02935648665650363,0.0,0.024,0.0,0.154,0.001,0.0,0.0,0.0,0.0,0.142,0.607,0.072,0.02810384062614217
georgia,inceptiontime,ST,189,1544,0.0027704076642906827,-0.012737526899868509,0.01927401130764304,0.005618389310036026,-0.014300115147707876,0.025168547432279316,0.013600921472536593,0.001395696661515872,0.030353407430857127,0.0016178635074413506,-0.011230424516286386,0.01214526554431444,0.068,0.122,0.004,0.002,0.001,0.396,0.212,0.185,0.003,0.004,0.001,0.002,0.01328551958917676
georgia,inceptiontime,STTC,282,1544,-0.009891655407968545,-0.05848634161536989,0.03963535571217479,-0.06292976313178951,-0.11456639859089976,-0.012133552945300703,-0.010395696924506972,-0.028369353452374457,0.006898291789988578,0.013502722904160144,-0.003680430903175094,0.030224904652036314,0.003,0.0,0.0,0.111,0.0,0.0,0.0,0.0,0.0,0.02,0.156,0.71,0.026504377084662994
georgia,inceptiontime,LVH,184,1544,-0.2825948040423166,-0.35843271854389186,-0.20704879133361345,-0.2315023096889951,-0.3119847802563053,-0.1451421485053624,0.007362221645438828,-0.005622346654618174,0.01893774464274389,0.00997030946817245,-0.006214070210022668,0.024931180052328424,0.302,0.0,0.0,0.0,0.691,0.0,0.006,0.0,0.0,0.0,0.0,0.001,0.020820242316100072
georgia,inceptiontime,RBBB,83,1544,-0.26046646799388246,-0.3830341002059945,-0.14892020940768003,-0.2318691486847144,-0.3637261340441991,-0.09536486610797669,0.015492421241360915,-0.01711026361208553,0.053833864310023696,-0.01207721949184783,-0.04390221145113568,0.018201311727358407,0.36,0.0,0.004,0.071,0.113,0.0,0.133,0.073,0.138,0.053,0.032,0.023,0.09165009901082578
ptbxl_snomed,seresnet,AF,152,2203,0.03966853052063713,0.011768274562676475,0.07460908611972573,0.026251236428545106,-0.0036790086503727523,0.06112278536714453,0.006481889320236488,-0.0045490858530508795,0.01757554802430514,0.004383638135078423,-0.00589942586543096,0.014082495393051567,0.0,0.123,0.0,0.362,0.0,0.007,0.231,0.101,0.066,0.037,0.057,0.016,0.01968102936900592
ptbxl_snomed,seresnet,AFL,7,2203,0.4670297584565981,0.13574601694550073,0.8023778304030459,0.38471147027513886,0.05519168454411312,0.7030741772957538,0.06455648477367122,0.0,0.24408640477092866,0.04368817679482018,-0.015762673767379186,0.21144882265429962,0.001002004008016032,0.6973947895791583,0.047094188376753505,0.052104208416833664,0.013026052104208416,0.08917835671342686,0.0,0.04208416833667335,0.006012024048096192,0.047094188376753505,0.00501002004008016,0.0,0.15631755454856402
ptbxl_snomed,seresnet,TWC,232,2203,-0.018703002013746264,-0.08568256022295648,0.04548761605580662,-0.11225584798626989,-0.1815547391384792,-0.050207679733929915,0.015949013779837547,-0.0020031887231171525,0.034365021359453476,0.0057945638123025524,-0.018751368524709006,0.028839443806899095,0.0,0.0,0.0,0.003,0.0,0.0,0.0,0.0,0.0,0.192,0.33,0.475,0.03035567822252142
ptbxl_snomed,seresnet,LAD,528,2203,0.2666101089178462,0.22642006358012046,0.30737315795553644,0.28522604753465886,0.24612417719499005,0.32443203451388036,6.958870381036186e-05,-0.01080710186063109,0.010762357083132744,0.003789945687089444,-0.007175592976734912,0.013791706659064991,0.0,0.083,0.0,0.0,0.0,0.917,0.0,0.0,0.0,0.0,0.0,0.0,0.005281432486680235
ptbxl_snomed,seresnet,SB,64,2203,0.07880116430841726,0.0034646806709247376,0.1591261325151758,0.06314876085608688,-0.027518294432507116,0.15624390626865878,-0.006063444868919509,-0.041475050641140356,0.027588919616822378,0.05401023966887542,0.020926768522525847,0.0974724574467751,0.001,0.294,0.03,0.117,0.088,0.173,0.005,0.016,0.049,0.0,0.0,0.227,0.0686598832944537
ptbxl_snomed,seresnet,SVT,3,2203,-0.18184427927111882,-0.5431708365164247,-0.0014245014245014287,-0.16581729813816581,-0.5188972431077695,0.04999999999999999,-0.050254180059823794,-0.13333333333333333,-0.009019013795073156,-0.0018824654500394992,-0.07500000000000001,0.06420428785358263,0.2805907172995781,0.0,0.06223628691983123,0.06434599156118144,0.11392405063291139,0.024261603375527425,0.10864978902953587,0.004219409282700422,0.015822784810126583,0.0,0.2848101265822785,0.04113924050632911,0.4056965568503121
ptbxl_snomed,seresnet,SR,1826,2203,-0.0008609052858361211,-0.006432177457513383,0.004049450029921883,-0.0006326177362519139,-0.005688979239991438,0.003866825822461228,-0.00011600611366247892,-0.001441014321495651,0.0013158201076212432,0.0007746832761124836,-0.0010890390059730747,0.0030298206280837095,0.0,0.001,0.0,0.074,0.001,0.0,0.012,0.258,0.067,0.098,0.015,0.474,0.002759563566384543
ptbxl_snomed,seresnet,ST,82,2203,0.013001905191612737,-0.027679514818016292,0.05891227341727523,0.0011136130049412547,-0.06135231553673824,0.059953921044950176,-0.00047005956660451807,-0.031102539831482843,0.028151580214533824,0.0003192272715919251,-0.020177989156098485,0.024684921022215117,0.028,0.125,0.101,0.254,0.002,0.142,0.152,0.074,0.002,0.108,0.009,0.003,0.04627562764333137
ptbxl_snomed,seresnet,STTC,109,2203,-0.005552282714873255,-0.05594065662897847,0.04412794206679068,-0.012894122212006505,-0.06551589645502698,0.03928749468029711,0.006763139479721048,-0.01357880402941329,0.02815806191358442,-0.009349676773732461,-0.03318613933905937,0.010885950031347196,0.056,0.044,0.0,0.054,0.0,0.038,0.006,0.022,0.014,0.02,0.358,0.388,0.03877050502044322
ptbxl_snomed,seresnet,LVH,234,2203,-0.07943359472671399,-0.14382554614007034,-0.007978664243131208,-0.08581905995376925,-0.1612214348150663,-0.006246254644958364,-0.014196670129211234,-0.02662001631034193,-0.002734258350984633,0.0016431823840675698,-0.013012628917447215,0.01769851369969374,0.001,0.0,0.0,0.0,0.0,0.0,0.0,0.0,0.0,0.0,0.83,0.169,0.010340687723183322
ptbxl_snomed,seresnet,RBBB,54,2203,-0.26666477956930185,-0.38982287610670113,-0.15082212502971395,-0.09351065773072505,-0.20715197238621347,0.03425152533463208,0.00884329709293218,-0.03001214675642471,0.04325429886669714,0.006883869306257923,-0.00922142404505874,0.02608840484851644,0.021,0.0,0.0,0.012,0.0,0.0,0.689,0.273,0.005,0.0,0.0,0.0,0.03005015923828962
ptbxl_snomed,inceptiontime,AF,152,2203,0.11847211929132567,0.049330623955627276,0.18683005384047469,0.0647050315775667,-0.014670575785655279,0.14862337367958295,-0.002050893349369284,-0.02717974102017104,0.02290022118349353,-0.001592327265140429,-0.03342453774876545,0.02412167063322513,0.0,0.457,0.0,0.284,0.0,0.002,0.249,0.0,0.006,0.002,0.0,0.0,0.034312507034946614
ptbxl_snomed,inceptiontime,AFL,7,2203,0.40862020552398187,0.0019806684015475826,0.7781765842736054,0.4608449941409186,0.04754392586921142,0.8180339113272947,0.032079114630723105,-0.13642118224037866,0.20563345855485451,-0.0027914235792609347,-0.05714782349924521,0.03169693008713207,0.004008016032064128,0.07915831663326653,0.20541082164328658,0.1713426853707415,0.004008016032064128,0.3807615230460922,0.0,0.008016032064128256,0.01002004008016032,0.05410821643286573,0.050100200400801605,0.033066132264529056,0.20493212949345185
ptbxl_snomed,inceptiontime,TWC,232,2203,0.005396772016373593,-0.06353410201381587,0.07331218040286248,-0.10908741725034381,-0.18006897349571827,-0.04421814946956323,0.005840823145812745,-0.013650908114298727,0.024561773274725626,-0.007327829965721598,-0.02929989534944556,0.014741986788019528,0.0,0.0,0.0,0.028,0.0,0.0,0.0,0.0,0.0,0.176,0.302,0.494,0.031330149063214435
ptbxl_snomed,inceptiontime,LAD,528,2203,0.2543995617505962,0.21379325980427744,0.29603388181746887,0.2634634102353275,0.22575736250582934,0.302535446839201,-0.0075191719267116005,-0.018099882780610036,0.002752051357612847,-0.006917332204862268,-0.014735022421812974,0.000757291165903214,0.0,0.234,0.0,0.0,0.0,0.766,0.0,0.0,0.0,0.0,0.0,0.0,0.007730190303616655
ptbxl_snomed,inceptiontime,SB,64,2203,0.03998029199075852,-0.04748368106015288,0.12284273648256552,0.04346053107561536,-0.04915992734271217,0.14185908563077246,0.026065698495460178,-0.0040619246271310925,0.05848162760096378,0.03798011842746416,0.0020623690448423014,0.07716205872613448,0.031,0.215,0.015,0.011,0.001,0.345,0.003,0.065,0.227,0.0,0.002,0.085,0.06916841390933168
ptbxl_snomed,inceptiontime,SVT,3,2203,-0.04270791703404125,-0.2891071895561634,0.06352932015584135,-0.01171944614715109,-0.1346087872684124,0.07414772727272718,0.03627178147157752,-0.013024673658659997,0.163679952392049,-0.005828063401941547,-0.029060251371057194,0.01785714285714285,0.0379746835443038,0.0,0.017932489451476793,0.0,0.002109704641350211,0.026371308016877638,0.17932489451476794,0.09282700421940929,0.21729957805907174,0.3048523206751055,0.07172995780590717,0.049578059071729956,0.2755579877037428
ptbxl_snomed,inceptiontime,SR,1826,2203,0.004894104998985572,-0.0017320835494943649,0.012235150156070273,0.0008611715137203652,-0.006071468373967978,0.008916784684806105,-0.000519732530211449,-0.0018328695986663424,0.0007274725304504204,-0.0007103705256546974,-0.0019768767603896647,0.0005806161325021348,0.019,0.244,0.0,0.701,0.0,0.001,0.007,0.0,0.001,0.009,0.001,0.017,0.002102325013171129
ptbxl_snomed,inceptiontime,ST,82,2203,0.03016644056378207,-0.009971762786061026,0.07764645444731617,0.010636359881636036,-0.052883777275747876,0.07560930282111135,0.011193443527819978,-0.010780330964232185,0.035076426087652005,0.018355402773783593,-0.010777087027464882,0.05054187681502253,0.009,0.264,0.001,0.546,0.024,0.049,0.092,0.0,0.014,0.0,0.0,0.001,0.027725633112410122
ptbxl_snomed,inceptiontime,STTC,109,2203,0.022512630384390137,-0.023173617421667965,0.07195987557990023,-0.0037477731799295767,-0.05994703348308697,0.055558707808293493,0.007088018474324945,-0.011186860431833513,0.027107770692128195,-0.00510504721284621,-0.02683699937019747,0.0173626976473424,0.005,0.041,0.0,0.002,0.0,0.015,0.001,0.0,0.004,0.023,0.482,0.427,0.030355165598290768
ptbxl_snomed,inceptiontime,LVH,234,2203,-0.08125626860376534,-0.15227736579055054,-0.01157184263586075,-0.11580025911386661,-0.18529001322972835,-0.0331581450692271,-0.018123063863077923,-0.03143586104829381,-0.00606736111362693,-0.0014322994515831508,-0.016263134677096724,0.013407240662101094,0.001,0.0,0.0,0.0,0.0,0.0,0.0,0.0,0.0,0.0,0.752,0.247,0.010575028232702323
ptbxl_snomed,inceptiontime,RBBB,54,2203,-0.2713585241570289,-0.3950157389680173,-0.15146642752241782,-0.19571239390528114,-0.34411695483305316,-0.044439226974631006,0.002874848978953903,-0.022295293901932974,0.03014507453824387,-0.0021732387975368223,-0.033545089416939844,0.028975407468505552,0.003,0.0,0.0,0.0,0.0,0.0,0.92,0.049,0.026,0.0,0.0,0.002,0.0106414745443956
ptbxl_snomed,gbm,AF,152,2203,-0.011514630681281652,-0.04704298423284557,0.018112039301266022,-0.018648901698467363,-0.05151689203570196,0.011949732335008732,,,,,,,0.222,0.09,0.0,0.034,0.001,0.022,0.0,0.002,0.084,0.016,0.078,0.451,0.025924779150955705
ptbxl_snomed,gbm,AFL,7,2203,0.09221916251936343,-0.08927551804071025,0.33801321470237533,0.26177511184234,0.0003472785461638679,0.5600624573306023,,,,,,,0.0,0.01002004008016032,0.2535070140280561,0.01903807615230461,0.002004008016032064,0.19138276553106212,0.061122244488977955,0.02905811623246493,0.15030060120240482,0.187374749498998,0.09619238476953908,0.0,0.3034565181708634
ptbxl_snomed,gbm,TWC,232,2203,-0.012373589460651644,-0.06967700157943499,0.04469294721437758,-0.10826548640533915,-0.1655846449744502,-0.05834130514252072,,,,,,,0.0,0.0,0.0,0.0,0.0,0.0,0.0,0.0,0.0,0.009,0.707,0.284,0.01901882556089158
ptbxl_snomed,gbm,LAD,528,2203,0.27028335466101056,0.21933020012681476,0.31579264502436116,0.26845203308949706,0.23054332549559492,0.306047433911655,,,,,,,0.0,0.565,0.0,0.0,0.0,0.435,0.0,0.0,0.0,0.0,0.0,0.0,0.01433625123839551
ptbxl_snomed,gbm,SB,64,2203,-0.04963036471309658,-0.15013157278163272,0.05441604446148368,-0.07343095974417767,-0.17601573950654856,0.03052804658784937,,,,,,,0.031,0.001,0.0,0.053,0.002,0.001,0.0,0.003,0.532,0.016,0.351,0.01,0.05850835626344812
ptbxl_snomed,gbm,SVT,3,2203,0.12586331915004095,-0.00708267098720144,0.40754844069705104,0.07463051980476247,-0.1449456672203765,0.3044737772033646,,,,,,,0.0,0.0010548523206751054,0.10337552742616034,0.14978902953586498,0.0,0.007383966244725738,0.27848101265822783,0.30168776371308015,0.1149789029535865,0.0,0.02531645569620253,0.017932489451476793,0.5478595277538818
ptbxl_snomed,gbm,SR,1826,2203,0.0013997078696060426,-0.00316368998220162,0.006702858202818877,-0.00330741679273583,-0.008056885332873086,0.0017874491862535224,,,,,,,0.021,0.033,0.0,0.072,0.007,0.0,0.0,0.0,0.257,0.035,0.409,0.166,0.00222930938770954
ptbxl_snomed,gbm,ST,82,2203,0.005527926312374512,-0.03326270768574919,0.04926488932763911,-0.022501218499543483,-0.07566365926018456,0.027517523082961213,,,,,,,0.313,0.48,0.0,0.077,0.0,0.017,0.038,0.003,0.001,0.003,0.011,0.057,0.035059092435233925
ptbxl_snomed,gbm,STTC,109,2203,0.004790116124745286,-0.024523701161153474,0.03533622064881766,-0.0040666824015402475,-0.04066936836833536,0.038714369173448976,,,,,,,0.008,0.04,0.0,0.037,0.0,0.013,0.0,0.001,0.0,0.0,0.871,0.03,0.00926038920853966
ptbxl_snomed,gbm,LVH,234,2203,-0.12787634025418604,-0.20622614250376228,-0.05648849740704121,-0.20585648196271011,-0.277585460818779,-0.13205399580254648,,,,,,,0.003,0.0,0.0,0.0,0.0,0.0,0.0,0.0,0.0,0.0,0.943,0.054,0.012659484948515945
ptbxl_snomed,gbm,RBBB,54,2203,-0.563167892383864,-0.7033971849518081,-0.4266658669901087,-0.6445499087046285,-0.7859493693966003,-0.4994819663076535,,,,,,,0.02,0.0,0.0,0.0,0.0,0.0,0.782,0.198,0.0,0.0,0.0,0.0,0.038115697991879
